{
    "hierarchyObjectMode": 2,
    "showHierarchyToggles": true,
    "showComponentIcons": true,
    "showTreeMap": true,
    "treeMapColor": {
        "r": 0.6698113083839417,
        "g": 0.5465912818908691,
        "b": 0.5465912818908691,
        "a": 0.44999998807907107
    },
    "showSeparator": true,
    "showRowShading": false,
    "separatorColor": {
        "r": 0.1899999976158142,
        "g": 0.1899999976158142,
        "b": 0.1899999976158142,
        "a": 0.0
    },
    "evenRowColor": {
        "r": 0.0,
        "g": 0.0,
        "b": 0.0,
        "a": 0.07000000029802323
    },
    "oddRowColor": {
        "r": 0.0,
        "g": 0.0,
        "b": 0.0,
        "a": 0.0
    }
}